year,month,day,grouse_depth,grouse_swe,grouse_density,dog_depth,dog_swe,dog_density,orchid_depth,orchid_swe,orchid_density,disappointment_depth,disappointment_swe,disappointment_density,palisade_depth,palisade_swe,palisade_density,snowline,enso_phase,enso_oni,enso_oni_main,pdo_phase,pdo_anomaly,pdo_phase_main,sca_%
1936,1,1,,,,,,,,,,,,,,,,,neutral,0.2,neutral,positive,2.17,positive,
1936,2,1,,,,,,,,,,,,,,,,,neutral,0.3,neutral,positive,1.6,positive,
1936,3,1,,,,,,,,,,,,,,,,,neutral,0.5,neutral,positive,1.19,positive,
1936,4,1,320,1316,41.13,,,,,,,,,,,,,,neutral,0.4,neutral,positive,1.19,positive,
1936,5,1,,,,,,,,,,,,,,,,,neutral,0.4,neutral,positive,1.64,positive,
1936,5,15,,,,,,,,,,,,,,,,,neutral,0.4,neutral,positive,2.24,positive,
1936,6,1,,,,,,,,,,,,,,,,,neutral,0.3,neutral,positive,2.24,positive,
1936,6,15,,,,,,,,,,,,,,,,,neutral,0.3,neutral,positive,2.56,positive,
1937,1,1,,,,,,,,,,,,,,,,,neutral,-0.1,neutral,positive,0.06,positive,
1937,2,1,,,,,,,,,,,,,,,,,neutral,-0.3,neutral,negative,-0.45,positive,
1937,3,1,,,,,,,,,,,,,,,,,neutral,-0.1,neutral,negative,-0.28,positive,
1937,4,1,239,1143,47.82,,,,,,,,,,,,,,neutral,0.1,neutral,negative,-0.69,positive,
1937,5,1,,,,,,,,,,,,,,,,,neutral,0.2,neutral,negative,-0.39,positive,
1937,5,15,,,,,,,,,,,,,,,,,neutral,0.2,neutral,positive,0.56,positive,
1937,6,1,,,,,,,,,,,,,,,,,neutral,0,neutral,positive,1.16,positive,
1937,6,15,,,,,,,,,,,,,,,,,neutral,0,neutral,positive,0.1,positive,
1938,1,1,,,,,,,,,,,,,,,,,negative,-0.6,negative,positive,1.53,positive,
1938,2,1,,,,,,,,,,,,,,,,,negative,-0.8,negative,positive,0.28,positive,
1938,3,1,,,,,,,,,,,,,,,,,negative,-0.7,negative,negative,-0.45,positive,
1938,4,1,292,1229,42.09,,,,,,,,,,,,,,negative,-0.8,negative,negative,-0.22,positive,
1938,5,1,,,,,,,,,,,,,,,,,negative,-0.5,negative,negative,-0.59,positive,
1938,5,15,,,,,,,,,,,,,,,,,negative,-0.5,negative,negative,-0.62,positive,
1938,6,1,,,,,,,,,,,,,,,,,negative,-0.6,negative,negative,-0.62,positive,
1938,6,15,,,,,,,,,,,,,,,,,negative,-0.6,negative,negative,-0.63,positive,
1939,1,1,,,,,,,,,,,,,,,,,negative,-0.9,negative,positive,1.17,positive,
1939,2,1,,,,,,,,,,,,,,,,,negative,-0.8,negative,negative,-0.1,positive,
1939,3,1,,,,,,,,,,,,,,,,,negative,-0.5,negative,negative,-0.63,positive,
1939,4,1,328,1659,50.58,,,,,,,,,,,,,,neutral,-0.4,negative,positive,0.03,positive,
1939,5,1,,,,,,,,,,,,,,,,,neutral,-0.2,negative,positive,0.12,positive,
1939,5,15,,,,,,,,,,,,,,,,,neutral,0.3,negative,positive,0.05,positive,
1939,6,1,,,,,,,,,,,,,,,,,neutral,0.3,negative,negative,-0.07,positive,
1939,6,15,,,,,,,,,,,,,,,,,neutral,0.3,negative,negative,-0.68,positive,
1940,1,1,,,,,,,,,,,,,,,,,neutral,0.4,neutral,positive,1.82,positive,
1940,2,1,,,,,,,,,,,,,,,,,neutral,0.5,neutral,positive,1.55,positive,
1940,3,1,,,,,,,,,,,,,,,,,neutral,0.5,neutral,positive,1.87,positive,
1940,4,1,89,460,51.69,,,,,,,,,,,,,,neutral,0.4,neutral,positive,2.06,positive,
1940,5,1,,,,,,,,,,,,,,,,,neutral,0.4,neutral,positive,1.76,positive,
1940,5,15,,,,,,,,,,,,,,,,,neutral,0.4,neutral,positive,2.07,positive,
1940,6,1,,,,,,,,,,,,,,,,,neutral,0.3,neutral,positive,2.07,positive,
1940,6,15,,,,,,,,,,,,,,,,,neutral,0.3,neutral,positive,1.82,positive,
1941,1,1,,,,,,,,,,,,,,,,,positive,1.1,positive,positive,2.67,positive,
1941,2,1,,,,,,,,,,,,,,,,,positive,1,positive,positive,2.86,positive,
1941,3,1,,,,,,,,,,,,,,,,,positive,1.1,positive,positive,2.43,positive,
1941,4,1,76,376,49.47,,,,,,,,,,,,,,positive,0.8,positive,positive,2.31,positive,
1941,5,1,,,,,,,,,,,,,,,,,positive,0.5,positive,positive,2.07,positive,
1941,5,15,,,,,,,,,,,,,,,,,positive,0.5,positive,positive,2.56,positive,
1941,6,1,,,,,,,,,,,,,,,,,positive,0.5,positive,positive,2.83,positive,
1941,6,15,,,,,,,,,,,,,,,,,positive,0.5,positive,positive,3.01,positive,
1942,1,1,,,,,,,,,,,,,,,,,neutral,0.4,neutral,positive,2.48,positive,
1942,2,1,,,,,,,,,,,,,,,,,neutral,0.2,neutral,positive,1.96,positive,
1942,3,1,,,,,,,,,,,,,,,,,neutral,0.1,neutral,positive,1.11,positive,
1942,4,1,168,759,45.18,,,,,,,,,,,,,,neutral,-0.1,neutral,positive,0.97,positive,
1942,5,1,,,,,,,,,,,,,,,,,neutral,-0.3,neutral,positive,0.53,positive,
1942,5,15,,,,,,,,,,,,,,,,,neutral,-0.3,neutral,positive,0.77,positive,
1942,6,1,,,,,,,,,,,,,,,,,negative,-0.5,neutral,positive,0.77,positive,
1942,6,15,,,,,,,,,,,,,,,,,negative,-0.5,neutral,positive,0.58,positive,
1943,1,1,,,,,,,,,,,,,,,,,negative,-1.4,negative,negative,-1.62,positive,
1943,2,1,,,,,,,,,,,,,,,,,negative,-1.3,negative,negative,-0.7,positive,
1943,3,1,,,,,,,,,,,,,,,,,negative,-1,negative,positive,0.32,positive,
1943,4,1,257,1039,40.43,,,,,,,,,,,,,,negative,-0.6,negative,positive,1.28,positive,
1943,5,1,,,,,,,,,,,,,,,,,neutral,-0.2,negative,positive,0.58,positive,
1943,5,15,,,,,,,,,,,,,,,,,neutral,0,negative,positive,0.15,positive,
1943,6,1,,,,,,,,,,,,,,,,,neutral,0.1,negative,negative,-0.14,positive,
1943,6,15,,,,,,,,,,,,,,,,,neutral,0.1,negative,negative,-0.22,positive,
1944,1,1,,,,,,,,,,,,,,,,,neutral,-0.4,neutral,positive,1.58,positive,
1944,2,1,,,,,,,,,,,,,,,,,neutral,-0.2,neutral,positive,0.25,positive,
1944,3,1,,,,,,,,,,,,,,,,,neutral,0,neutral,negative,-0.53,negative,
1944,4,1,180,767,42.61,,,,,,,,,,,,,,neutral,0.2,neutral,negative,-0.87,negative,
1944,5,1,,,,,,,,,,,,,,,,,neutral,0.3,neutral,negative,-1.76,negative,
1944,5,15,,,,,,,,,,,,,,,,,neutral,0.4,neutral,negative,-1.92,negative,
1944,6,1,,,,,,,,,,,,,,,,,neutral,0.4,neutral,negative,-2.1,negative,
1944,6,15,,,,,,,,,,,,,,,,,neutral,0.3,neutral,negative,-1.49,negative,
1945,1,1,,,,,,,,,,,,,,,,,negative,-0.9,negative,negative,-0.09,negative,
1945,2,1,,,,,,,,,,,,,,,,,negative,-0.8,negative,negative,-0.34,negative,
1945,3,1,,,,,,,,,,,,,,,,,negative,-0.5,negative,negative,-0.06,negative,
1945,4,1,262,1064,40.61,361,1314,36.4,,,,,,,,,,,neutral,-0.3,negative,negative,-0.37,negative,
1945,5,1,,,,,,,,,,,,,,,,,neutral,-0.2,negative,negative,-0.38,negative,
1945,5,15,,,,,,,,,,,,,,,,,neutral,-0.2,negative,negative,-0.17,negative,
1945,6,1,,,,,,,,,,,,,,,,,neutral,-0.1,negative,positive,0.16,negative,
1945,6,15,,,,,,,,,,,,,,,,,neutral,-0.1,negative,positive,0.31,negative,
1946,1,1,,,,,,,,,,,,,,,,,negative,-1.1,negative,negative,-1.1,negative,
1946,2,1,,,,,,,,,,,,,,,,,negative,-1,negative,positive,0.67,negative,
1946,3,1,,,,,,,,,,,,,,,,,negative,-0.9,negative,positive,0.73,negative,
1946,4,1,721,2497,34.63,732,2560,34.97,,,,,,,765,2845,37.19,,negative,-0.8,negative,positive,0.67,negative,
1946,5,1,,,,,,,,,,,,,,,,,negative,-0.6,negative,negative,-0.45,negative,
1946,5,15,,,,,,,,,,,,,,,,,negative,-0.6,negative,negative,-0.52,negative,
1946,6,1,,,,,,,,,,,,,,,,,negative,-0.6,negative,negative,-0.63,negative,
1946,6,15,,,,,,,,,,,,,,,,,negative,-0.6,negative,negative,-0.07,negative,
1947,1,1,,,,,,,,,,,,,,,,,neutral,-0.1,neutral,negative,-0.15,negative,
1947,2,1,,,,,,,,,,,,,,,,,neutral,0.2,neutral,positive,0.22,negative,
1947,3,1,,,,,,,,,,,,,,,,,neutral,0.1,neutral,positive,0.31,negative,
1947,4,1,216,1008,46.67,257,1171,45.56,,,,,,,279,1204,43.15,,neutral,0.2,neutral,positive,0.1,negative,
1947,5,1,,,,,,,,,,,,,,,,,neutral,0.2,neutral,negative,-0.36,negative,
1947,5,15,,,,,,,,,,,,,,,,,neutral,0.2,neutral,positive,0.15,negative,
1947,6,1,,,,,,,,,,,,,,,,,neutral,0.1,neutral,positive,0.67,negative,
1947,6,15,,,,,,,,,,,,,,,,,neutral,0.1,neutral,positive,0.78,negative,
1948,1,1,,,,,,,,,,,,,,,,,neutral,0.1,neutral,positive,0.27,negative,
1948,2,1,,,,,,,,,,,,,,,,,neutral,0.2,neutral,negative,-0.32,negative,
1948,3,1,,,,,,,,,,,,,,,,,neutral,0.5,neutral,negative,-1.11,negative,
1948,4,1,424,1735,40.92,437,2024,46.32,,,,,,,447,1722,38.52,,neutral,0.4,neutral,negative,-1.13,negative,
1948,5,1,,,,,,,,,,,,,,,,,neutral,0.2,neutral,negative,-1.78,negative,
1948,5,15,,,,,,,,,,,,,,,,,neutral,0.2,neutral,negative,-0.69,negative,
1948,6,1,,,,,,,,,,,,,,,,,neutral,0.1,neutral,negative,-0.01,negative,
1948,6,15,,,,,,,,,,,,,,,,,neutral,0.1,neutral,negative,-0.1,negative,
1949,1,1,,,,,,,,,,,,,,,,,neutral,0.1,neutral,negative,-2.82,negative,
1949,2,1,,,,,,,,,,,,,,,,,neutral,0.2,neutral,negative,-3.17,negative,
1949,3,1,,,,,,,,,,,,,,,,,neutral,0,neutral,negative,-1.82,negative,
1949,4,1,406,1580,38.92,381,1470,38.58,,,,,,,450,1800,40,,neutral,0,neutral,negative,-1.54,negative,
1949,5,1,,,,,,,,,,,,,,,,,neutral,-0.2,neutral,negative,-1.37,negative,
1949,5,15,,,,,,,,,,,,,,,,,neutral,-0.2,neutral,negative,-1.3,negative,
1949,6,1,,,,,,,,,,,,,,,,,neutral,-0.2,neutral,negative,-1.21,negative,
1949,6,15,,,,,,,,,,,,,,,,,neutral,-0.1,neutral,negative,-1.48,negative,
1950,1,1,,,,,,,,,,,,,,,,,negative,-1.53,negative,negative,-1.61,negative,
1950,2,1,188,640,34.04,,,,,,,,,,,,,,negative,-1.34,negative,negative,-2.17,negative,
1950,3,1,277,925,33.39,,,,,,,,,,394,1245,31.6,,negative,-1.16,negative,negative,-1.89,negative,
1950,4,1,406,1545,38.05,452,1680,37.17,,,,,,,518,1810,34.94,,negative,-1.18,negative,negative,-1.99,negative,
1950,5,1,351,1510,43.02,,,,,,,,,,419,1702,40.62,,negative,-1.07,negative,negative,-3.19,negative,
1950,5,15,,,,,,,,,,,,,358,1626,45.42,,negative,-0.85,negative,negative,-2.78,negative,
1950,6,1,,,,,,,,,,,,,,,,,negative,-0.7,negative,negative,-2.52,negative,
1950,6,15,,,,,,,,,,,,,,,,,negative,-0.54,negative,negative,-3.65,negative,
1951,1,1,,,,,,,,,,,,,,,,,negative,-0.82,negative,negative,-1.19,negative,
1951,2,1,163,642,39.39,193,660,34.2,,,,,,,,,,,negative,-0.54,negative,negative,-1.52,negative,
1951,3,1,213,835,39.2,259,1082,41.78,,,,,,,287,1045,36.41,,neutral,-0.17,negative,negative,-1.72,negative,
1951,4,1,241,985,40.87,328,1275,38.87,,,,,,,378,1387,36.69,,neutral,0.18,negative,negative,-1.35,negative,
1951,5,1,157,813,51.78,,,,,,,,,,216,1041,48.19,,neutral,0.36,negative,negative,-1.29,negative,
1951,5,15,,,,,,,,,,,,,193,1072,55.54,,positive,0.58,negative,negative,-1.45,negative,
1951,6,1,,,,,,,,,,,,,,,,,positive,0.6,negative,negative,-1.77,negative,
1951,6,15,,,,,,,,,,,,,,,,,positive,0.7,positive,negative,-0.23,negative,
1952,1,1,,,,,,,,,,,,,,,,,positive,0.53,positive,negative,-2.19,negative,
1952,2,1,315,1031,32.73,,,,,,,,,,,,,,neutral,0.37,positive,negative,-1.35,negative,
1952,3,1,246,986,40.08,,,,,,,,,,,,,,neutral,0.34,positive,negative,-1.67,negative,
1952,4,1,317,1221,38.52,310,1200,38.71,,,,,,,,,,,neutral,0.29,positive,negative,-1.92,negative,
1952,5,1,269,1234,45.87,264,1186,44.92,,,,,,,,,,,neutral,0.2,positive,negative,-2.07,negative,
1952,5,15,,,,,,,,,,,,,,,,,neutral,0,positive,negative,-2.13,negative,
1952,6,1,,,,,,,,,,,,,,,,,neutral,0,positive,negative,-2.13,negative,
1952,6,15,,,,,,,,,,,,,,,,,neutral,-0.08,positive,negative,-2.05,negative,
1953,1,1,,,,,,,,,,,,,,,,,neutral,0.4,positive,negative,-0.16,negative,
1953,2,1,249,838,33.65,,,,,,,,,,,,,,positive,0.6,positive,negative,-0.46,negative,
1953,3,1,274,1056,38.54,,,,,,,,,,361,1312,36.34,,positive,0.63,positive,negative,-1.27,negative,
1953,4,1,330,1282,38.85,317,1143,36.06,,,,,,,424,1722,40.61,,positive,0.66,positive,negative,-0.9,negative,
1953,5,1,251,1030,41.04,,,,,,,,,,342,1675,48.98,,positive,0.75,positive,negative,-0.55,negative,
1953,5,15,,,,,,,,,,,,,,,,,positive,0.77,positive,negative,-0.41,negative,
1953,6,1,,,,,,,,,,,,,,,,,positive,0.77,positive,negative,-0.2,negative,
1953,6,15,,,,,,,,,,,,,,,,,positive,0.75,positive,negative,0.06,negative,
1954,1,1,,,,,,,,,,,,,,,,,positive,0.76,neutral,negative,-1.13,negative,
1954,2,1,328,1082,32.99,,,,,,,,,,,,,,neutral,0.47,neutral,negative,-0.95,negative,
1954,3,1,386,1350,34.97,,,,,,,,,,417,1480,35.49,,neutral,-0.05,neutral,negative,-1.15,negative,
1954,4,1,386,1529,39.61,345,1400,40.58,,,,,,,452,1778,39.34,,neutral,-0.41,neutral,negative,-1.25,negative,
1954,5,1,358,1485,41.48,,,,,,,,,,401,1620,40.4,,negative,-0.54,neutral,negative,-0.76,negative,
1954,5,15,,,,,,,,,,,,,,,,,negative,-0.5,neutral,positive,0.06,negative,
1954,6,1,,,,,,,,,,,,,,,,,negative,-0.55,neutral,positive,0.49,negative,
1954,6,15,,,,,,,,,,,,,,,,,negative,-0.64,neutral,negative,-0.08,negative,
1955,1,1,,,,,,,,,,,,,,,,,negative,-0.68,negative,negative,-0.23,negative,
1955,2,1,198,706,35.66,,,,,,,,,,,,,,negative,-0.62,negative,negative,-1.01,negative,
1955,3,1,272,980,36.03,,,,,,,,,,295,1035,35.08,,negative,-0.69,negative,negative,-1.24,negative,
1955,4,1,376,1492,39.68,373,1396,37.43,,,,,,,384,1692,44.06,,negative,-0.8,negative,negative,-2.21,negative,
1955,5,1,358,1528,42.68,,,,,,,,,,437,1976,45.22,,negative,-0.79,negative,negative,-1.89,negative,
1955,5,15,,,,,,,,,,,,,,,,,negative,-0.72,negative,negative,-2.01,negative,
1955,6,1,,,,,,,,,,,,,,,,,negative,-0.7,negative,negative,-2.18,negative,
1955,6,15,,,,,,,,,,,,,,,,,negative,-0.68,negative,negative,-2.75,negative,
1956,1,1,,,,,,,,,,,,,,,,,negative,-1.11,negative,negative,-2.26,negative,
1956,2,1,272,859,31.58,,,,,,,,,,,,,,negative,-0.76,negative,negative,-2.28,negative,
1956,3,1,462,1665,36.04,,,,,,,,,,589,1940,32.94,,negative,-0.63,negative,negative,-2.93,negative,
1956,4,1,472,1980,41.95,483,1976,40.91,,,,,,,691,2656,38.44,,negative,-0.54,negative,negative,-2.55,negative,
1956,5,1,378,1844,48.78,,,,,,,,,,513,2431,47.39,,negative,-0.52,negative,negative,-1.62,negative,
1956,5,15,,,,,,,,,,,,,,,,,negative,-0.51,negative,negative,-1.75,negative,
1956,6,1,,,,,,,,,,,,,,,,,negative,-0.55,negative,negative,-1.98,negative,
1956,6,15,,,,,,,,,,,,,,,,,negative,-0.57,negative,negative,-1.48,negative,
1957,1,1,,,,,,,,,,,,,,,,,neutral,-0.25,neutral,negative,-1.31,negative,
1957,2,1,211,658,31.18,,,,,,,,,,284,1161,40.88,,neutral,0.06,neutral,negative,-1.57,negative,
1957,3,1,235,998,42.47,,,,,,,,,,366,1443,39.43,,neutral,0.41,neutral,negative,-0.83,negative,
1957,4,1,272,1286,47.28,310,1400,45.16,,,,,,,295,1466,49.69,,positive,0.72,neutral,negative,-0.81,negative,
1957,5,1,239,1115,46.65,,,,,,,,,,,,,,positive,0.92,neutral,negative,-0.02,negative,
1957,5,15,,,,,,,,,,,,,,,,,positive,1.11,neutral,positive,0.76,negative,
1957,6,1,,,,,,,,,,,,,,,,,positive,1.2,neutral,positive,1.53,negative,
1957,6,15,,,,,,,,,,,,,,,,,positive,1.25,neutral,positive,0.59,negative,
1958,1,1,,,,,,,,,,,,,,,,,positive,1.81,positive,positive,0.83,negative,
1958,2,1,262,1049,40.04,,,,,,,,,,,,,,positive,1.66,positive,positive,0.94,negative,
1958,3,1,239,1085,45.4,,,,,,,,,,297,1496,50.37,,positive,1.27,positive,positive,0.62,negative,
1958,4,1,284,1265,44.54,300,1312,43.73,,,,,,,330,1473,44.64,,positive,0.93,positive,positive,0.56,negative,
1958,5,1,257,1283,49.92,,,,,,,,,,317,1659,52.33,,positive,0.74,positive,positive,1.46,negative,
1958,5,15,,,,,,,,,,,,,,,,,positive,0.64,positive,positive,1.57,negative,
1958,6,1,,,,,,,,,,,,,,,,,positive,0.6,positive,positive,1.82,negative,
1958,6,15,,,,,,,,,,,,,,,,,positive,0.57,positive,positive,0.61,negative,
1959,1,1,,,,,,,,,,,,,,,,,positive,0.61,positive,positive,1.04,negative,
1959,2,1,122,437,35.82,,,,,,,,,,,,,,positive,0.62,positive,positive,0.35,negative,
1959,3,1,211,720,34.12,,,,,,,,,,239,765,32.01,,positive,0.52,positive,negative,-0.14,negative,
1959,4,1,300,1237,41.23,353,1410,39.94,,,,,,,317,1219,38.45,,neutral,0.33,positive,negative,-0.16,negative,
1959,5,1,244,1085,44.47,,,,,,,,,,251,1039,41.39,,neutral,0.2,positive,negative,-0.13,negative,
1959,5,15,,,,,,,,,,,,,,,,,neutral,-0.07,positive,positive,0.02,negative,
1959,6,1,,,,,,,,,,,,,,,,,neutral,-0.1,positive,positive,0.23,negative,
1959,6,15,,,,,,,,,,,,,,,,,neutral,-0.18,positive,negative,-0.42,negative,
1960,1,1,,,,,,,,,,,,,,,,,neutral,-0.1,neutral,positive,0.24,negative,
1960,2,1,147,500,34.01,,,,,,,,,,,,,,neutral,-0.1,neutral,positive,0.61,negative,
1960,3,1,196,663,33.83,,,,,,,,,,193,818,42.38,,neutral,-0.07,neutral,positive,0.23,negative,
1960,4,1,257,1046,40.7,229,963,42.05,,,,,,,292,1156,39.59,,neutral,0.03,neutral,positive,0.21,negative,
1960,5,1,231,1107,47.92,,,,,,,,,,267,1323,49.55,,neutral,0.02,neutral,positive,0.35,negative,
1960,5,15,,,,,,,,,,,,,,,,,neutral,0.03,neutral,positive,0.82,negative,
1960,6,1,,,,,,,,,,,,,,,,,neutral,0.1,neutral,positive,1.2,negative,
1960,6,15,,,,,,,,,,,,,,,,,neutral,0.13,neutral,negative,-0.42,negative,
1961,1,1,,,,,,,,,,,,,,,,,neutral,0.04,neutral,positive,0.89,negative,
1961,2,1,142,632,44.51,,,,,,,,,,,,,,neutral,0.03,neutral,positive,0.92,negative,
1961,3,1,236,686,29.07,,,,,,,,,,328,952,29.02,,neutral,0.04,neutral,positive,0.64,negative,
1961,4,1,279,1313,47.06,264,1148,43.48,,,,,,,305,1417,46.46,,neutral,0.09,neutral,positive,0.28,negative,
1961,5,1,226,1115,49.34,,,,,,,,,,251,1331,53.03,,neutral,0.23,neutral,negative,-0.54,negative,
1961,5,15,,,,,,,,,,,,,,,,,neutral,0.27,neutral,negative,-0.6,negative,
1961,6,1,,,,,,,,,,,,,,,,,neutral,0.2,neutral,negative,-0.7,negative,
1961,6,15,,,,,,,,,,,,,,,,,neutral,0.14,neutral,negative,-1.23,negative,
1962,1,1,,,,,,,,,,,,,,,,,neutral,-0.24,neutral,negative,-1,negative,
1962,2,1,213,986,46.29,,,,,,,,,,,,,,neutral,-0.22,neutral,negative,-0.87,negative,
1962,3,1,178,800,44.94,,,,,,,,,,185,937,50.65,,neutral,-0.2,neutral,negative,-1.06,negative,
1962,4,1,234,1016,43.42,249,1013,40.68,,,,,,,310,1229,39.65,,neutral,-0.26,neutral,negative,-0.95,negative,
1962,5,1,211,889,42.13,,,,,,,,,,236,935,39.62,,neutral,-0.28,neutral,negative,-1.3,negative,
1962,5,15,,,,,,,,,,,,,,,,,neutral,-0.2,neutral,negative,-1.52,negative,
1962,6,1,,,,,,,,,,,,,,,,,neutral,-0.1,neutral,negative,-1.71,negative,
1962,6,15,,,,,,,,,,,,,,,,,neutral,-0.04,neutral,negative,-1.83,negative,
1963,1,1,,,,,,,,,,,,,,,,,neutral,-0.4,neutral,positive,0.12,negative,
1963,2,1,130,554,42.62,,,,,,,,,,,,,,neutral,-0.15,neutral,positive,0.15,negative,
1963,3,1,107,523,48.88,,,,,,,,,,104,521,50.1,,neutral,0.15,neutral,negative,-0.28,negative,
1963,4,1,152,594,39.08,137,584,42.63,,,,,,,165,648,39.27,,neutral,0.27,neutral,negative,-0.27,negative,
1963,5,1,142,615,43.31,,,,,,,,,,137,658,48.03,,neutral,0.31,neutral,negative,-1.26,negative,
1963,5,15,,,,,,,,,,,,,,,,,positive,0.52,neutral,negative,-1.01,negative,
1963,6,1,,,,,,,,,,,,,,,,,positive,0.72,neutral,negative,-0.6,negative,
1963,6,15,,,,,,,,,,,,,,,,,positive,0.86,neutral,negative,-1.11,negative,
1964,1,1,,,,,,,,,,,,,,,,,positive,1.07,positive,negative,0.34,negative,
1964,2,1,373,1222,32.76,,,,,,,,,,,,,,positive,0.62,positive,negative,0.21,negative,
1964,3,1,394,1608,40.81,,,,,,,,,,427,1504,35.22,,neutral,0.12,positive,negative,-0.71,negative,
1964,4,1,488,2121,43.46,475,2093,44.06,,,,,,,556,2365,42.54,,neutral,-0.33,positive,negative,-1.27,negative,
1964,5,1,462,2123,45.95,,,,,,,,,,513,2413,47.04,,negative,-0.58,positive,negative,-2.39,negative,
1964,5,15,,,,,,,,,,,,,,,,,negative,-0.58,positive,negative,-1.76,negative,
1964,6,1,,,,,,,,,,,,,,,,,negative,-0.6,positive,negative,-0.86,negative,
1964,6,15,,,,,,,,,,,,,,,,,negative,-0.6,positive,negative,-1.08,negative,
1965,1,1,,,,,,,,,,,,,,,,,negative,-0.59,neutral,negative,-0.95,negative,
1965,2,1,213,892,41.88,,,,,,,,,,,,,,neutral,-0.28,neutral,negative,-0.61,negative,
1965,3,1,343,1184,34.52,,,,,,,,,,333,1313,39.43,,neutral,-0.07,neutral,negative,-0.17,negative,
1965,4,1,274,1222,44.6,284,1283,45.18,,,,,,,366,1336,36.5,,neutral,0.18,neutral,negative,-0.01,negative,
1965,5,1,240,1346,56.08,,,,,,,,,,272,1341,49.3,,neutral,0.46,neutral,negative,-0.66,negative,
1965,5,15,,,,,,,,,,,,,,,,,positive,0.83,neutral,negative,-0.7,negative,
1965,6,1,,,,,,,,,,,,,,,,,positive,1.02,neutral,negative,-0.76,negative,
1965,6,15,,,,,,,,,,,,,,,,,positive,1.22,neutral,negative,-0.74,negative,
1966,1,1,,,,,,,,,,,,,,,,,positive,1.37,positive,negative,-0.67,negative,
1966,2,1,277,1120,40.43,,,,,,,,,,,,,,positive,1.17,positive,negative,-0.43,negative,
1966,3,1,338,1392,41.18,,,,,,,,,,345,1481,42.93,,positive,0.98,positive,negative,-1,negative,
1966,4,1,378,1687,44.63,363,1659,45.7,,,,,,,450,2197,48.82,,positive,0.66,positive,negative,-0.37,negative,
1966,5,1,323,1613,49.94,,,,,,,,,,384,1958,50.99,,neutral,0.35,positive,negative,-0.76,negative,
1966,5,15,,,,,,,,,,,,,,,,,neutral,0.24,positive,negative,-0.41,negative,
1966,6,1,,,,,,,,,,,,,,,,,neutral,0.24,positive,positive,0.1,negative,
1966,6,15,,,,,,,,,,,,,,,,,neutral,0.24,positive,positive,0.01,negative,
1967,1,1,,,,,,,,,,,,,,,,,neutral,-0.41,neutral,negative,-0.24,negative,
1967,2,1,295,1222,41.42,,,,,,,,,,,,,,neutral,-0.48,neutral,negative,-0.25,negative,
1967,3,1,371,1488,40.11,,,,,,,,,,404,1811,44.83,,neutral,-0.53,neutral,negative,-0.8,negative,
1967,4,1,447,1877,41.99,424,1643,38.75,,,,,,,498,1745,35.04,,neutral,-0.45,neutral,negative,-1.13,negative,
1967,5,1,442,2154,48.73,,,,,,,,,,485,2535,52.27,,neutral,-0.24,neutral,negative,-1.54,negative,
1967,5,15,,,,,,,,,,,,,,,,,neutral,0,neutral,negative,-1.36,negative,
1967,6,1,,,,,,,,,,,,,,,,,neutral,0,neutral,negative,-1.2,negative,
1967,6,15,,,,,,,,,,,,,,,,,neutral,0.05,neutral,negative,-1.21,negative,
1968,1,1,,,,,,,,,,,,,,,,,negative,-0.64,negative,negative,-0.65,negative,
1968,2,1,241,965,40.04,,,,,,,,,,,,,,negative,-0.74,negative,negative,-0.19,negative,
1968,3,1,218,1168,53.58,,,,,,,,,,320,1547,48.34,,negative,-0.62,negative,positive,0.08,negative,
1968,4,1,307,1176,38.31,302,1145,37.91,,,,,,,427,1857,43.49,,neutral,-0.44,negative,negative,-0.69,negative,
1968,5,1,328,1430,43.6,,,,,,,,,,404,2197,54.38,,neutral,-0.04,negative,negative,-0.79,negative,
1968,5,15,,,,,,,,,,,,,,,,,neutral,0.28,negative,negative,-0.21,negative,
1968,6,1,,,,,,,,,,,,,,,,,neutral,0.36,negative,positive,0.14,negative,
1968,6,15,,,,,,,,,,,,,,,,,neutral,0.58,negative,positive,0.44,negative,
1969,1,1,,,,,,,,,,,,,,,,,positive,1.13,positive,negative,-0.71,negative,
1969,2,1,300,1003,33.43,,,,,,,,,,,,,,positive,1.09,positive,negative,-1.22,negative,
1969,3,1,345,1379,39.97,,,,,,,,,,,,,,positive,0.95,positive,negative,-1.21,negative,
1969,4,1,391,1798,45.98,361,1659,45.96,,,,,,,439,1999,45.54,,positive,0.77,positive,negative,-1.07,negative,
1969,5,1,391,2047,52.35,,,,,,,,,,439,2400,54.67,,positive,0.61,positive,negative,-1.06,negative,
1969,5,15,,,,,,,,,,,,,,,,,neutral,0.43,positive,negative,-0.32,negative,
1969,6,1,,,,,,,,,,,,,,,,,neutral,0.4,positive,positive,0.84,negative,
1969,6,15,,,,,,,,,,,,,,,,,neutral,0.36,positive,negative,-0.37,negative,
1970,1,1,,,,,,,,,,,,,,,,,neutral,0.51,neutral,positive,1.06,negative,
1970,2,1,152,622,40.92,,,,,,,,,,,,,,neutral,0.34,neutral,positive,1.01,negative,
1970,3,1,170,808,47.53,,,,,,,,,,160,777,48.56,,neutral,0.29,neutral,positive,1.2,negative,
1970,4,1,165,813,49.27,163,795,48.77,,,,,,,163,836,51.29,,neutral,0.19,neutral,positive,0.31,negative,
1970,5,1,224,1097,48.97,,,,,,,,,,196,1006,51.33,,neutral,0.04,neutral,negative,-0.89,negative,
1970,5,15,,,,,,,,,,,,,,,,,neutral,-0.3,neutral,negative,-0.51,negative,
1970,6,1,,,,,,,,,,,,,,,,,neutral,-0.45,neutral,negative,-0.12,negative,
1970,6,15,,,,,,,,,,,,,,,,,negative,-0.63,neutral,negative,-0.92,negative,
1971,1,1,,,,,,,,,,,,,,,,,negative,-1.36,negative,negative,-1.34,negative,
1971,2,1,257,1163,45.25,,,,,,,,,,,,,,negative,-1.38,negative,negative,-1.45,negative,
1971,3,1,333,1227,36.85,,,,,,,,,,371,1250,33.69,,negative,-1.12,negative,negative,-1.55,negative,
1971,4,1,444,2002,45.09,447,1935,43.29,,,,,,,564,2504,44.4,,negative,-0.85,negative,negative,-1.7,negative,
1971,5,1,368,1971,53.56,,,,,,,,,,513,2743,53.47,,negative,-0.73,negative,negative,-1.75,negative,
1971,5,15,,,,,,,,,,,,,,,,,negative,-0.74,negative,negative,-1.8,negative,
1971,6,1,,,,,,,,,,,,,,,,,negative,-0.78,negative,negative,-1.86,negative,
1971,6,15,,,,,,,,,,,,,,,,,negative,-0.8,negative,negative,-2.25,negative,
1972,1,1,,,,,,,,,,,,,,,,,negative,-0.71,negative,negative,-2.12,negative,
1972,2,1,315,1273,40.41,,,,,,,,,,,,,,neutral,-0.35,negative,negative,-1.95,negative,
1972,3,1,386,1532,39.69,,,,579,2315,39.98,,,,381,1638,42.99,,neutral,0.06,negative,negative,-1.53,negative,
1972,4,1,343,1737,50.64,340,1603,47.15,523,2743,52.45,,,,348,1702,48.91,,neutral,0.41,negative,negative,-1.7,negative,
1972,5,1,363,1941,53.47,,,,599,3051,50.93,,,,389,2014,51.77,,positive,0.67,negative,negative,-2.16,negative,
1972,5,15,,,,,,,,,,,,,,,,,positive,0.92,negative,negative,-2.01,negative,
1972,6,1,,,,,,,,,,,,,,,,,positive,1.01,negative,negative,-1.84,negative,
1972,6,15,,,,,,,,,,,,,,,,,positive,1.13,negative,negative,-1.48,negative,
1973,1,1,,,,,,,,,,,,,,,,,positive,1.84,positive,negative,-0.15,negative,
1973,2,1,239,899,37.62,,,,,,,,,,,,,,positive,1.25,positive,negative,-0.55,negative,
1973,3,1,211,874,41.42,,,,340,1486,43.71,,,,241,1024,42.49,,positive,0.54,positive,negative,-0.88,negative,
1973,4,1,267,1270,47.57,259,1090,42.08,411,1826,44.43,,,,287,1389,48.4,,neutral,-0.1,positive,negative,-1.35,negative,
1973,5,1,234,1143,48.85,,,,386,1935,50.13,,,,257,1377,53.58,,negative,-0.54,positive,negative,-1.59,negative,
1973,5,15,,,,,,,,,,,,,,,,,negative,-0.87,positive,negative,-1.5,negative,
1973,6,1,,,,,,,,,,,,,,,,,negative,-0.99,positive,negative,-1.44,negative,
1973,6,15,,,,,,,,,,,,,,,,,negative,-1.11,positive,negative,-1.4,negative,
1974,1,1,,,,,,,,,,,,,,,,,negative,-1.84,negative,negative,-0.86,negative,
1974,2,1,279,1133,40.61,,,,,,,,,,,,,,negative,-1.55,negative,negative,-1.38,negative,
1974,3,1,490,2098,42.82,,,,,,,,,,,,,,negative,-1.23,negative,negative,-1.21,negative,
1974,4,1,455,2304,50.64,462,2311,50.02,643,3078,47.87,,,,505,2535,50.2,,negative,-1.03,negative,negative,-0.62,negative,
1974,5,1,462,2426,52.51,,,,645,3721,57.69,,,,508,2852,56.14,,negative,-0.91,negative,negative,-0.72,negative,
1974,5,15,,,,,,,,,,,,,,,,,negative,-0.77,negative,negative,-0.56,negative,
1974,6,1,,,,,,,,,,,,,,,,,negative,-0.63,negative,negative,-0.37,negative,
1974,6,15,,,,,,,,,,,,,,,,,negative,-0.53,negative,negative,0.02,negative,
1975,1,1,,,,,,,,,,,,,,,,,negative,-0.54,negative,negative,-0.65,negative,
1975,2,1,231,856,37.06,,,,,,,,,,,,,,negative,-0.57,negative,negative,-0.93,negative,
1975,3,1,292,1204,41.23,,,,462,1775,38.42,,,,351,1356,38.63,,negative,-0.65,negative,negative,-1.07,negative,
1975,4,1,353,1488,42.15,394,1562,39.64,556,2261,40.67,,,,480,1895,39.48,,negative,-0.73,negative,negative,-1.79,negative,
1975,5,1,315,1549,49.17,,,,508,2456,48.35,,,,409,2065,50.49,,negative,-0.83,negative,negative,-2.08,negative,
1975,5,15,,,,,,,,,,,,,,,,,negative,-0.98,negative,negative,-1.87,negative,
1975,6,1,,,,,,,,,,,,,,,,,negative,-1.05,negative,negative,-1.61,negative,
1975,6,15,,,,,,,,,,,,,,,,,negative,-1.13,negative,negative,-0.84,negative,
1976,1,1,,,,,,,,,,,,,,,,,negative,-1.56,negative,negative,-1.08,negative,
1976,2,1,242,1046,43.22,,,,,,,,,,,,,,negative,-1.17,negative,negative,-1.01,negative,
1976,3,1,427,1492,34.94,,,,660,2370,35.91,,,,574,1961,34.16,,negative,-0.73,negative,negative,-1.31,negative,
1976,4,1,494,2413,48.85,536,2314,43.17,726,3353,46.18,,,,589,2794,47.44,,neutral,-0.47,negative,negative,-1.38,negative,
1976,5,1,451,2393,53.06,,,,451,2393,53.06,,,,518,2819,54.42,,neutral,-0.28,negative,negative,-1.23,negative,
1976,5,15,,,,,,,,,,,,,,,,,neutral,-0.05,negative,negative,-1.26,negative,
1976,6,1,,,,,,,,,,,,,,,,,neutral,0.05,negative,negative,-1.26,negative,
1976,6,15,,,,,,,,,,,,,,,,,neutral,0.18,negative,positive,0.28,positive,
1977,1,1,,,,,,,,,,,,,,,,,positive,0.71,positive,positive,1.24,positive,
1977,2,1,27,63,23.33,,,,,,,,,,,,,,positive,0.64,positive,positive,1.51,positive,
1977,3,1,67,188,28.06,,,,135,444,32.89,,,,38,135,35.53,,neutral,0.34,positive,positive,0.62,positive,
1977,4,1,165,625,37.88,173,638,36.88,311,1077,34.63,,,,211,859,40.71,,neutral,0.23,positive,negative,-0.25,positive,
1977,5,1,102,544,53.33,,,,239,1161,48.58,,,,157,881,56.11,,neutral,0.21,positive,negative,-0.47,positive,
1977,5,15,,,,,,,,,,,,,,,,,neutral,0.34,positive,negative,-0.31,positive,
1977,6,1,,,,,,,,,,,,,,,,,neutral,0.35,positive,positive,0.03,positive,
1977,6,15,,,,,,,,,,,,,,,,,neutral,0.35,positive,negative,-0.06,positive,
1978,1,1,,,,,,,,,,,,,,,,,positive,0.69,positive,positive,0.58,positive,
1978,2,1,124,483,38.95,,,,270,1080,40,,,,,,,,neutral,0.42,positive,positive,0.78,positive,
1978,3,1,130,530,40.77,,,,300,1385,46.17,,,,150,668,44.53,,neutral,0.06,positive,positive,1.13,positive,
1978,4,1,99,428,43.23,104,439,42.21,312,1491,47.79,,,,124,569,45.89,,neutral,-0.18,positive,positive,1.03,positive,
1978,5,1,94,430,45.74,,,,287,1573,54.81,,,,102,508,49.8,,neutral,-0.31,positive,positive,0.77,positive,
1978,5,15,,,,,,,,,,,,,,,,,neutral,-0.29,positive,positive,0.51,positive,
1978,6,1,,,,,,,,,,,,,,,,,neutral,-0.32,positive,positive,0.33,positive,
1978,6,15,,,,,,,69,391,56.67,,,,,,,,neutral,-0.36,positive,negative,-1.31,positive,
1979,1,1,,,,,,,,,,,,,,,,,neutral,0.03,neutral,negative,-0.38,positive,
1979,2,1,187,661,35.35,,,,216,719,33.29,,,,,,,,neutral,0.07,neutral,negative,-1.29,positive,
1979,3,1,299,1172,39.2,,,,430,1524,35.44,,,,360,1494,41.5,,neutral,0.2,neutral,negative,-0.68,positive,
1979,4,1,248,1140,45.97,236,1167,49.45,308,1479,48.02,,,,269,1416,52.64,,neutral,0.28,neutral,negative,-0.12,positive,
1979,5,1,233,1274,54.68,,,,348,1757,50.49,,,,270,1411,52.26,,neutral,0.23,neutral,positive,0.57,positive,
1979,5,15,,,,,,,289,1545,53.46,,,,,,,,neutral,0.05,neutral,positive,0.41,positive,
1979,6,1,,,,,,,218,1215,55.73,,,,,,,,neutral,0.04,neutral,positive,0.22,positive,
1979,6,15,,,,,,,119,709,59.58,,,,,,,,neutral,0.04,neutral,positive,0.3,positive,
1980,1,1,,,,,,,204,597,29.26,,,,,,,,positive,0.59,neutral,positive,0.06,positive,
1980,2,1,114,416,36.49,,,,244,916,37.54,,,,,,,,neutral,0.46,neutral,positive,0.58,positive,
1980,3,1,94,428,45.53,,,,242,1095,45.25,,,,116,575,49.57,,neutral,0.34,neutral,positive,0.62,positive,
1980,4,1,218,856,39.27,210,810,,384,1530,39.84,,,,272,1088,40,,neutral,0.38,neutral,positive,0.78,positive,
1980,5,1,127,610,48.03,,,,299,1521,50.87,,,,165,887,53.76,,neutral,0.48,neutral,positive,0.64,positive,
1980,5,15,,,,,,,,,,,,,,,,,neutral,0.46,neutral,positive,0.22,positive,
1980,6,1,,,,,,,194,1034,53.3,,,,,,,,neutral,0.33,neutral,negative,-0.72,positive,
1980,6,15,,,,,,,128,724,56.56,,,,,,,,neutral,0.25,neutral,negative,-0.21,positive,
1981,1,1,,,,,,,90,410,45.56,,,,,,,,neutral,-0.26,neutral,positive,1.18,positive,
1981,2,1,20,50,25,,,,98,408,41.63,,,,,,,,neutral,-0.5,neutral,positive,1.24,positive,
1981,3,1,30,104,34.67,,,,162,618,38.15,,,,25,95,38,,neutral,-0.47,neutral,positive,1.22,positive,
1981,4,1,10,41,41,11,51,46.36,267,980,36.7,,,,84,285,33.93,,neutral,-0.37,neutral,positive,1.07,positive,
1981,5,1,76,371,48.82,,,,260,1200,46.15,,,,97,475,48.97,,neutral,-0.26,neutral,positive,1.29,positive,
1981,5,15,,,,,,,243,1230,50.62,,,,,,,,neutral,-0.29,neutral,positive,1.43,positive,
1981,6,1,,,,,,,183,887,48.47,,,,,,,,neutral,-0.3,neutral,positive,1.82,positive,
1981,6,15,,,,,,,103,520,50.49,,,,,,,,neutral,-0.3,neutral,positive,0.82,positive,
1982,1,1,,,,,,,204,655,32.11,,,,,,,,neutral,-0.05,neutral,positive,0.11,positive,
1982,2,1,273,899,32.93,,,,402,1435,35.7,,,,,,,,neutral,0.07,neutral,negative,-0.19,positive,
1982,3,1,346,1505,43.5,,,,497,2060,41.45,,,,413,1800,43.58,,neutral,0.19,neutral,negative,-0.37,positive,
1982,4,1,337,1536,45.58,358,1720,48.04,465,2155,46.34,,,,383,1880,49.09,,neutral,0.47,neutral,negative,-0.7,positive,
1982,5,1,371,1819,49.03,,,,479,2280,47.6,,,,459,2280,49.67,,positive,0.66,neutral,negative,-1.21,positive,
1982,5,15,,,,,,,432,2310,53.47,,,,,,,,positive,0.72,neutral,negative,-1.01,positive,
1982,6,1,,,,,,,358,1933,53.99,,,,,,,,positive,0.75,neutral,negative,-0.99,positive,
1982,6,15,,,,,,,285,1709,59.96,,,,,,,,positive,0.79,neutral,positive,0.12,positive,
1983,1,1,,,,,,,289,1040,35.99,,,,,,,,positive,2.18,positive,positive,0.4,positive,
1983,2,1,140,620,44.29,,,,312,1359,43.56,,,,,,,,positive,1.92,positive,positive,0.97,positive,
1983,3,1,207,1014,48.99,,,,477,1982,41.55,,,,,,,,positive,1.54,positive,positive,1.73,positive,
1983,4,1,223,1081,48.48,244,1197,49.06,448,2238,49.96,,,,298,1592,53.42,,positive,1.29,positive,positive,1.26,positive,
1983,5,1,216,1112,51.48,,,,423,2175,51.42,,,,309,1680,54.37,,positive,1.06,positive,positive,1.01,positive,
1983,5,15,,,,,,,416,2200,52.88,,,,,,,,positive,0.72,positive,positive,1.42,positive,
1983,6,1,,,,,,,254,1444,56.85,,,,,,,,positive,0.59,positive,positive,1.9,positive,
1983,6,15,,,,,,,237,1356,57.22,,,,,,,,neutral,0.4,positive,positive,2.47,positive,
1984,1,1,115,368,32,,,,196,651,33.21,,,,,,,,negative,-0.6,neutral,positive,1.42,positive,
1984,2,1,126,547,43.41,,,,233,941,40.39,,,,,,,,neutral,-0.42,neutral,positive,1.23,positive,
1984,3,1,198,750,37.88,,,,391,1535,39.26,,,,226,968,42.83,,neutral,-0.34,neutral,positive,1.56,positive,
1984,4,1,230,1017,44.22,252,1081,42.9,388,1768,45.57,,,,246,1083,44.02,,neutral,-0.43,neutral,positive,1,positive,
1984,5,1,250,1202,48.08,,,,439,2200,50.11,,,,283,1415,50,,neutral,-0.51,neutral,positive,0.87,positive,
1984,5,15,,,,,,,423,2144,50.69,,,,,,,,neutral,-0.45,neutral,positive,0.23,positive,
1984,6,1,,,,,,,416,2190,52.64,,,,,,,,neutral,-0.3,neutral,negative,-0.13,positive,
1984,6,15,,,,,,,312,1700,54.49,,,,,,,,neutral,-0.3,neutral,negative,-0.35,positive,
1985,1,1,223,801,35.92,,,,339,1214,35.81,,,,,,,,negative,-1.04,negative,positive,0.87,positive,
1985,2,1,183,824,45.03,206,890,43.2,288,1249,43.37,,,,,,,,negative,-0.85,negative,positive,0.48,positive,
1985,3,1,249,1078,43.29,266,1087,40.86,376,1620,43.09,,,,305,1233,40.43,,negative,-0.77,negative,negative,-0.34,positive,
1985,4,1,302,1233,40.83,320,1269,39.66,456,1859,40.77,,,,386,1556,40.31,,negative,-0.78,negative,negative,-0.52,positive,
1985,5,1,279,1288,46.16,323,1458,45.14,434,2033,46.84,,,,342,1595,46.64,,negative,-0.78,negative,negative,-0.87,positive,
1985,5,15,,,,284,1507,53.06,384,2069,53.88,,,,,,,,negative,-0.63,negative,negative,-0.31,positive,
1985,6,1,,,,200,1115,55.75,305,1635,53.61,,,,,,,,negative,-0.55,negative,positive,0.04,positive,
1985,6,15,,,,129,730,56.59,196,1121,57.19,,,,,,,,negative,-0.5,negative,positive,0.52,positive,
1986,1,1,54,190,35.19,119,328,27.56,197,565,28.68,,,,,,,,neutral,-0.49,neutral,positive,1.04,positive,
1986,2,1,104,458,44.04,118,506,42.88,261,1070,41,,,,,,,,neutral,-0.47,neutral,positive,1.47,positive,
1986,3,1,120,500,41.67,145,612,42.21,270,1113,41.22,,,,162,650,40.12,,neutral,-0.31,neutral,positive,1.68,positive,
1986,4,1,115,540,46.96,154,706,45.84,303,1390,45.87,,,,144,679,47.15,,neutral,-0.2,neutral,positive,1.21,positive,
1986,5,1,161,630,39.13,183,822,44.92,372,1546,41.56,,,,190,754,39.68,,neutral,-0.12,neutral,positive,0.85,positive,
1986,5,15,,,,161,764,47.45,325,1592,48.98,,,,,,,,neutral,-0.04,neutral,positive,0.71,positive,
1986,6,1,,,,82,410,50,237,1277,53.88,,,,,,,,neutral,0.12,neutral,positive,0.62,positive,
1986,6,15,,,,0,0,,129,672,52.09,,,,,,,,neutral,0.22,neutral,positive,1.05,positive,
1987,1,1,110,473,43,190,710,37.37,245,885,36.12,,,,,,,,positive,1.23,positive,positive,1.47,positive,
1987,2,1,197,790,40.1,222,855,38.5,423,1620,38.3,,,,,,,,positive,1.19,positive,positive,1.46,positive,
1987,3,1,183,789,43.11,220,992,45.09,388,1783,45.95,,,,282,1417,50.25,,positive,1.06,positive,positive,1.35,positive,
1987,4,1,179,877,48.99,222,1044,47.03,404,1986,49.16,,,,270,1393,51.59,,positive,0.95,positive,positive,1.38,positive,
1987,5,1,132,701,53.11,167,852,51.02,371,1965,52.96,,,,187,1041,55.67,,positive,0.97,positive,positive,0.82,positive,
1987,5,15,,,,109,588,53.94,318,1733,54.5,,,,,,,,positive,1.22,positive,positive,0.21,positive,
1987,6,1,,,,72,378,52.5,241,1391,57.72,,,,,,,,positive,1.38,positive,positive,0.05,positive,
1987,6,15,,,,0,0,,,,,,,,,,,,positive,1.43,positive,positive,1.38,positive,
1988,1,1,109,355,32.57,121,416,34.38,222,781,35.18,,,,,,,,positive,0.81,positive,positive,0.23,positive,
1988,2,1,140,550,39.29,168,662,39.4,291,1115,38.32,,,,,,,,positive,0.54,positive,positive,0.47,positive,
1988,3,1,187,819,43.8,224,889,39.69,391,1518,38.82,,,,,,,,neutral,0.14,positive,positive,0.49,positive,
1988,4,1,298,1090,36.58,336,1290,38.39,470,1928,41.02,,,,378,1490,39.42,,neutral,-0.31,positive,positive,0.34,positive,
1988,5,1,236,1180,50,310,1397,45.06,416,2113,50.79,,,,312,1644,52.69,,negative,-0.88,positive,positive,0.37,positive,
1988,5,15,,,,226,1237,54.73,365,1931,52.9,,,,,,,,negative,-1.2,positive,positive,0.3,positive,
1988,6,1,,,,176,959,54.49,329,1812,55.08,,,,,,,,negative,-1.3,positive,positive,0.21,positive,
1988,6,15,,,,112,622,55.54,265,1454,54.87,,,,,,,,negative,-1.3,positive,negative,-0.15,positive,
1989,1,1,149,474,31.81,176,565,32.1,236,762,32.29,,,,,,,,negative,-1.69,negative,negative,-1.24,positive,
1989,2,1,231,956,41.39,253,969,38.3,316,1200,37.97,,,,,,,,negative,-1.43,negative,negative,-1.45,positive,
1989,3,1,256,995,38.87,277,1137,41.05,358,1414,39.5,,,,266,1112,41.8,,negative,-1.08,negative,negative,-1.24,positive,
1989,4,1,334,1346,40.3,340,1420,41.76,436,1798,41.24,,,,337,1423,42.23,,negative,-0.83,negative,negative,-0.32,positive,
1989,5,1,242,1201,49.63,300,1390,46.33,381,1914,50.24,,,,304,1454,47.83,,negative,-0.58,negative,negative,-0.09,positive,
1989,5,15,,,,239,1212,50.71,309,1645,53.24,,,,,,,,neutral,-0.5,negative,positive,0.03,positive,
1989,6,1,,,,201,1009,50.2,278,1452,52.23,,,,,,,,neutral,-0.38,negative,positive,0.11,positive,
1989,6,15,,,,98,541,55.2,172,974,56.63,,,,,,,,neutral,-0.31,negative,positive,0.56,positive,
1990,1,1,13,24,18.46,28,96,34.29,76,202,26.58,,,,,,,,neutral,0.14,neutral,negative,-0.42,positive,
1990,2,1,201,563,28.01,226,523,23.14,231,641,27.75,,,,,,,,neutral,0.21,neutral,negative,-1.28,positive,
1990,3,1,289,1122,38.82,294,1168,39.73,366,1427,38.99,,,,287,1228,42.79,,neutral,0.28,neutral,negative,-1.24,positive,
1990,4,1,292,1327,45.45,278,1374,49.42,376,1621,43.11,,,,308,1294,42.01,,neutral,0.29,neutral,negative,-0.15,positive,
1990,5,1,174,971,55.8,211,1152,54.6,268,1366,50.97,,,,218,1173,53.81,,neutral,0.29,neutral,negative,-0.32,positive,
1990,5,15,,,,179,1004,56.09,251,1365,54.38,,,,,,,,neutral,0.29,neutral,negative,-0.25,positive,
1990,6,1,,,,110,637,57.91,191,1081,56.6,,,,,,,,neutral,0.33,neutral,negative,-0.25,positive,
1990,6,15,,,,67,400,59.7,140,797,56.93,,,,,,,,neutral,0.33,neutral,negative,-0.31,positive,
1991,1,1,198,640,32.32,179,638,35.64,253,840,33.2,,,,,,,,neutral,0.41,neutral,negative,-1.8,positive,
1991,2,1,183,830,45.36,194,908,46.8,275,1112,40.44,,,,,,,,neutral,0.26,neutral,negative,-1.09,positive,
1991,3,1,153,751,49.08,181,918,50.72,267,1243,46.55,,,,164,830,50.61,,neutral,0.22,neutral,negative,-1.11,positive,
1991,4,1,216,980,45.37,246,1120,45.53,349,1446,41.43,,,,237,1062,44.81,,neutral,0.26,neutral,negative,-1.63,positive,
1991,5,1,196,978,49.9,230,1164,50.61,343,1704,49.68,,,,222,1099,49.5,,neutral,0.45,neutral,negative,-1.65,positive,
1991,5,15,,,,174,960,55.17,316,1667,52.75,,,,,,,,positive,0.5,neutral,negative,-2.02,positive,
1991,6,1,,,,124,677,54.6,244,1327,54.39,,,,,,,,positive,0.65,neutral,negative,-2.25,positive,
1991,6,15,,,,68,277,40.74,157,918,58.47,,,,,,,,positive,0.7,neutral,negative,-1.57,positive,
1992,1,1,61,250,40.98,75,265,35.33,162,601,37.1,,,,,,,,positive,1.71,positive,positive,0.08,positive,
1992,2,1,112,483,43.13,124,568,45.81,285,1201,42.14,,,,,,,,positive,1.63,positive,positive,0.17,positive,
1992,3,1,104,490,47.12,142,721,50.77,325,1405,43.23,,,,160,675,42.19,,positive,1.48,positive,positive,0.12,positive,
1992,4,1,56,272,48.57,85,461,54.24,248,1182,47.66,,,,79,339,42.91,,positive,1.29,positive,positive,0.55,positive,
1992,5,1,22,120,54.55,24,122,50.83,175,900,51.43,,,,0,0,,,positive,1.06,positive,positive,1.26,positive,
1992,5,15,,,,0,0,,145,774,53.38,,,,,,,,positive,0.84,positive,positive,1.24,positive,
1992,6,1,,,,0,0,,34,175,51.47,,,,,,,,positive,0.52,positive,positive,1.22,positive,
1992,6,15,,,,0,0,,0,0,,,,,,,,,neutral,0.4,positive,positive,1.45,positive,
1993,1,1,158,467,29.56,184,548,29.78,194,541,27.89,,,,,,,,neutral,0.09,positive,negative,-0.28,positive,
1993,2,1,178,780,43.82,174,665,38.22,245,806,32.9,126,538,42.7,,,,,neutral,0.3,positive,positive,0.02,positive,
1993,3,1,149,661,44.36,163,735,45.09,211,875,41.47,,,,163,687,42.15,,positive,0.5,positive,positive,0.24,positive,
1993,4,1,145,638,44,157,640,40.76,266,1121,42.14,,,,160,742,46.38,,positive,0.67,positive,positive,1,positive,
1993,5,1,129,612,47.44,137,640,46.72,291,1290,44.33,,,,111,542,48.83,,positive,0.7,positive,positive,1.79,positive,
1993,5,15,,,,113,635,56.19,227,1186,52.25,,,,,,,,positive,0.6,positive,positive,1.87,positive,
1993,6,1,,,,10,56,56,117,648,55.38,,,,,,,,positive,0.57,positive,positive,2.05,positive,
1993,6,15,,,,0,0,,36,215,59.72,,,,,,,,neutral,0.46,positive,positive,1.61,positive,
1994,1,1,64,245,38.28,79,280,35.44,177,650,36.72,,,,,,,,neutral,0.06,neutral,positive,0.85,positive,
1994,2,1,62,282,45.48,84,352,41.9,173,754,43.58,132,517,39.17,,,,,neutral,0.07,neutral,positive,0.33,positive,
1994,3,1,183,843,46.07,205,842,41.07,426,1485,34.86,,,,238,1128,47.39,,neutral,0.17,neutral,positive,0.27,positive,
1994,4,1,195,908,46.56,226,1033,45.71,416,1767,42.48,340,1536,45.18,289,1312,45.4,,neutral,0.31,neutral,positive,0.49,positive,
1994,5,1,162,806,49.75,173,832,48.09,332,1699,51.17,268,1350,50.37,192,982,51.15,,neutral,0.42,neutral,positive,0.55,positive,
1994,5,15,,,,124,642,51.77,239,1256,52.55,175,962,54.97,,,,,neutral,0.41,neutral,positive,0.21,positive,
1994,6,1,,,,53,314,59.25,198,1068,53.94,125,692,55.36,,,,,neutral,0.41,neutral,positive,0.1,positive,
1994,6,15,,,,11,63,57.27,139,751,54.03,45,256,56.89,,,,,neutral,0.44,neutral,negative,-0.91,positive,
1995,1,1,199,878,44.12,207,897,43.33,292,1148,39.32,267,1063,39.81,,,,,positive,0.96,positive,negative,-0.86,positive,
1995,2,1,209,966,46.22,223,980,43.95,331,1503,45.41,,,,,,,,positive,0.72,positive,positive,0.02,positive,
1995,3,1,199,973,48.89,235,1197,50.94,350,1670,47.71,302,1512,50.07,255,1284,50.35,,positive,0.53,positive,positive,0.46,positive,
1995,4,1,210,1045,49.76,233,1171,50.26,407,1935,47.54,335,1585,47.31,295,1367,46.34,,neutral,0.3,positive,positive,0.49,positive,
1995,5,1,215,1090,50.7,225,1190,52.89,399,1990,49.87,343,1776,51.78,281,1424,50.68,,neutral,0.14,positive,positive,0.89,positive,
1995,5,15,,,,180,916,50.89,301,1598,53.09,,,,,,,,neutral,0.2,positive,positive,0.92,positive,
1995,6,1,,,,35,153,43.71,192,1110,57.81,144,790,54.86,,,,,neutral,-0.03,positive,positive,1.03,positive,
1995,6,15,,,,10,58,58,100,600,60,,,,,,,,neutral,-0.24,positive,positive,1,positive,
1996,1,1,61,252,41.31,,,,127,432,34.02,,,,,,,,negative,-0.9,negative,positive,1.01,positive,
1996,2,1,134,420,31.34,91,316,34.73,218,780,35.78,,,,,,,,negative,-0.75,negative,positive,1.01,positive,
1996,3,1,143,522,36.5,88,345,39.2,274,1029,37.55,214,778,36.36,134,461,34.4,,negative,-0.59,negative,positive,0.85,positive,
1996,4,1,138,544,39.42,91,363,39.89,243,1111,45.72,191,860,45.03,108,447,41.39,,neutral,-0.39,negative,positive,1.37,positive,
1996,5,1,150,638,42.53,88,404,45.91,261,1315,50.38,,,,72,336,46.67,,neutral,-0.31,negative,positive,2.13,positive,
1996,5,15,,,,81,407,50.25,215,1074,49.95,,,,,,,,neutral,-0.3,negative,positive,1.65,positive,
1996,6,1,,,,0,0,,111,579,52.16,,,,,,,,neutral,-0.3,negative,positive,1.1,positive,
1996,6,15,,,,0,0,,,,,,,,,,,,neutral,-0.27,negative,positive,0.57,positive,
1997,1,1,231,866,37.49,214,810,37.85,311,1184,38.07,279,1126,40.36,,,,,neutral,-0.5,neutral,positive,0.44,positive,
1997,2,1,236,1056,44.75,203,966,47.59,313,1228,39.23,,,,,,,,neutral,-0.36,neutral,positive,0.29,positive,
1997,3,1,293,1320,45.05,265,1192,44.98,367,1639,44.66,328,1472,44.88,279,1281,45.91,,neutral,-0.1,neutral,positive,0.39,positive,
1997,4,1,391,1714,43.84,315,1479,46.95,521,2152,41.31,438,1732,39.54,409,1699,41.54,,neutral,0.28,neutral,positive,0.73,positive,
1997,5,1,325,1610,49.54,290,1470,50.69,417,1985,47.6,,,,306,1533,50.1,,positive,0.75,neutral,positive,1.59,positive,
1997,5,15,,,,255,1289,50.55,412,2099,50.95,,,,,,,,positive,1.12,neutral,positive,2.12,positive,
1997,6,1,,,,165,885,53.64,303,1598,52.74,,,,,,,,positive,1.22,neutral,positive,2.55,positive,
1997,6,15,,,,92,539,58.59,224,1246,55.63,,,,,,,,positive,1.6,neutral,positive,1.49,positive,
1998,1,1,128,416,32.5,115,364,31.65,181,577,31.88,169,596,35.27,,,,,positive,2.24,positive,positive,1.05,positive,
1998,2,1,205,842,41.07,180,746,41.44,308,1271,41.27,261,1182,45.29,,,,,positive,1.93,positive,positive,1.52,positive,
1998,3,1,281,1152,41,233,931,39.96,451,1690,37.47,,,,293,1148,39.18,,positive,1.44,positive,positive,1.29,positive,
1998,4,1,266,1212,45.56,225,1055,46.89,387,1859,48.04,,,,268,1212,45.2,,positive,0.99,positive,positive,0.03,positive,
1998,5,1,235,1136,48.34,192,973,50.68,365,1907,52.25,338,1658,49.05,230,1100,47.83,,neutral,0.45,positive,negative,-0.83,negative,
1998,5,15,,,,130,703,54.08,,,,344,1712,49.77,,,,,neutral,0.14,positive,negative,-0.78,negative,
1998,6,1,,,,91,518,56.92,233,1182,50.73,,,,,,,,neutral,-0.13,positive,negative,-0.78,negative,
1998,6,15,,,,18,108,60,,,,,,,,,,,negative,-0.78,positive,negative,-1.16,negative,
1999,1,1,218,832,38.17,199,793,39.85,276,1066,38.62,252,984,39.05,,,,,negative,-1.55,negative,negative,-0.78,negative,
1999,2,1,393,1530,38.93,336,1187,35.33,,,,351,1248,35.56,,,,,negative,-1.3,negative,negative,-1.06,negative,
1999,3,1,581,2320,39.93,538,2146,39.89,740,2977,40.23,,,,733,3150,42.97,,negative,-1.07,negative,negative,-1.18,negative,
1999,4,1,593,2746,46.31,580,2802,48.31,786,3514,44.71,,,,742,3560,47.98,,negative,-0.98,negative,negative,-1.85,negative,
1999,5,1,564,2866,50.82,530,2860,53.96,712,3855,54.14,,,,666,3600,54.05,,negative,-1.02,negative,negative,-2.32,negative,
1999,5,15,,,,536,2920,54.48,704,3618,51.39,,,,661,3600,54.46,,negative,-1.04,negative,negative,-2.34,negative,
1999,6,1,,,,452,2480,54.87,613,3648,59.51,,,,,,,,negative,-1.04,negative,negative,-2.13,negative,
1999,6,15,,,,359,2088,58.16,563,3210,57.02,,,,,,,,negative,-1.1,negative,negative,-1.92,negative,
2000,1,1,150,592,39.47,140,563,40.21,,,,,,,,,,,negative,-1.66,negative,negative,-2.2,negative,
2000,2,1,325,1258,38.71,293,1044,35.63,359,1326,36.94,,,,,,,,negative,-1.41,negative,negative,-1.28,negative,
2000,3,1,292,1226,41.99,276,1158,41.96,438,1794,40.96,394,1532,38.88,402,1534,38.16,,negative,-1.07,negative,negative,-0.66,negative,
2000,4,1,417,1836,44.03,386,1683,43.6,485,1999,41.22,430,1776,41.3,416,1826,43.89,500,negative,-0.81,negative,negative,-0.63,negative,
2000,5,1,359,1848,51.48,328,1587,48.38,411,1879,45.72,,,,356,1709,48.01,500,negative,-0.71,negative,negative,-0.81,negative,
2000,5,15,,,,310,1583,51.06,403,2043,50.69,,,,,,,700,negative,-0.64,negative,negative,-0.71,negative,
2000,6,1,,,,243,1268,52.18,330,1700,51.52,,,,,,,800,negative,-0.64,negative,negative,-0.64,negative,
2000,6,15,,,,168,907,53.99,250,1361,54.44,,,,,,,,negative,-0.55,negative,negative,-1.51,negative,
2001,1,1,108,380,35.19,94,324,34.47,164,499,30.43,,,,,,,,negative,-0.68,negative,positive,0.48,negative,
2001,2,1,146,472,32.33,106,377,35.57,200,656,32.8,170,570,33.53,,,,,negative,-0.52,negative,negative,-0.01,negative,
2001,3,1,176,658,37.39,145,519,35.79,255,951,37.29,242,904,37.36,183,736,40.22,,neutral,-0.44,negative,negative,-0.41,negative,
2001,4,1,231,930,40.26,202,746,36.93,310,1254,40.45,,,,222,937,42.21,600,neutral,-0.34,negative,negative,-1.18,negative,
2001,5,1,227,1048,46.17,201,909,45.22,301,1348,44.78,287,1298,45.23,211,941,44.6,700,neutral,-0.25,negative,negative,-1.12,negative,
2001,5,15,,,,165,850,51.52,,,,,,,,,,800,neutral,-0.2,negative,negative,-1.22,negative,
2001,6,1,,,,92,455,49.46,212,1100,51.89,,,,,,,900,neutral,-0.12,negative,negative,-1.22,negative,
2001,6,15,,,,50,252,50.4,134,683,50.97,127,648,51.02,,,,1000,neutral,-0.08,negative,negative,-2.21,negative,
2002,1,1,199,864,43.42,176,745,42.33,198,822,41.52,,,,,,,,neutral,-0.15,neutral,negative,-0.42,negative,
2002,2,1,298,1164,39.06,266,971,36.5,335,1210,36.12,330,1184,35.88,,,,,neutral,0.03,neutral,negative,-1.51,negative,
2002,3,1,309,1286,41.62,275,1149,41.78,374,1412,37.75,354,1476,41.69,311,1378,44.31,,neutral,0.09,neutral,negative,-1.27,negative,
2002,4,1,409,1752,42.84,371,1622,43.72,437,1895,43.36,430,1930,44.88,399,1863,46.69,600,neutral,0.2,neutral,negative,-1.23,negative,
2002,5,1,354,1750,49.44,312,1576,50.51,387,1867,48.24,399,2000,50.13,344,1657,48.17,600,neutral,0.43,neutral,negative,-1.3,negative,
2002,5,15,,,,307,1565,50.98,370,1927,52.08,377,1930,51.19,,,,700,positive,0.55,neutral,negative,-1.22,negative,
2002,6,1,,,,216,1187,54.95,287,1572,54.77,286,1582,55.31,,,,,positive,0.65,neutral,negative,-1.18,negative,
2002,6,15,,,,135,796,58.96,,,,,,,,,,,positive,0.72,neutral,negative,-0.71,negative,
2003,1,1,99,300,30.3,110,324,29.45,180,625,34.72,137,504,36.79,,,,,positive,0.92,positive,positive,1.45,negative,
2003,2,1,77,322,41.82,56,237,42.32,182,654,35.93,133,544,40.9,,,,,positive,0.63,positive,positive,1.23,negative,
2003,3,1,109,390,35.78,93,366,39.35,227,849,37.4,173,678,39.19,114,509,44.65,,neutral,0.38,positive,positive,1.01,negative,
2003,4,1,140,600,42.86,104,421,40.48,333,1392,41.8,248,1094,44.11,174,710,40.8,,neutral,-0.04,positive,positive,0.36,negative,
2003,5,1,138,640,46.38,122,547,44.84,313,1422,45.43,217,1032,47.56,134,671,50.07,700,neutral,-0.26,positive,positive,0.21,negative,
2003,5,15,,,,94,431,45.85,256,1230,48.05,164,784,47.8,,,,900,neutral,-0.2,positive,negative,-0.11,negative,
2003,6,1,,,,56,280,50,220,1056,48,141,696,49.36,,,,1000,neutral,-0.16,positive,negative,-0.42,negative,
2003,6,15,,,,0,0,,76,404,53.16,0,0,,,,,1200,neutral,0.08,positive,negative,0.37,negative,
2004,1,1,225,800,35.56,182,670,36.81,278,840,30.22,246,784,31.87,,,,,neutral,0.37,neutral,negative,-0.55,negative,
2004,2,1,236,1024,43.39,219,932,42.56,318,1273,40.03,,,,,,,,neutral,0.31,neutral,negative,-0.21,negative,
2004,3,1,286,1262,44.13,250,1113,44.52,372,1575,42.34,301,1356,45.05,275,1262,45.89,,neutral,0.23,neutral,negative,-0.15,negative,
2004,4,1,322,1512,46.96,284,1326,46.69,406,1846,45.47,347,1482,42.71,303,1381,45.58,700,neutral,0.17,neutral,positive,0,negative,
2004,5,1,242,1240,51.24,190,1008,53.05,334,1706,51.08,274,1312,47.88,228,1171,51.36,800,neutral,0.21,neutral,positive,0.61,negative,
2004,5,15,,,,156,820,52.56,264,1430,54.17,208,1080,51.92,,,,900,neutral,0.25,neutral,positive,0.23,negative,
2004,6,1,,,,67,389,58.06,152,855,56.25,96,564,58.75,,,,,neutral,0.28,neutral,negative,-0.11,negative,
2004,6,15,,,,17,95,55.88,72,421,58.47,23,129,56.09,,,,,neutral,0.42,neutral,negative,0.04,negative,
2005,1,1,112,384,34.29,97,350,36.08,150,500,33.33,113,332,29.38,,,,,positive,0.64,positive,negative,-0.15,negative,
2005,2,1,77,320,41.56,48,206,42.92,99,448,45.25,67,292,43.58,,,,,positive,0.58,positive,negative,-0.01,negative,
2005,3,1,92,378,41.09,61,256,41.97,127,521,41.02,85,300,35.29,56,218,38.93,,neutral,0.45,positive,positive,0.7,negative,
2005,4,1,141,512,36.31,95,302,31.79,200,748,37.4,133,428,32.18,96,303,31.56,800,neutral,0.43,positive,positive,0.28,negative,
2005,5,1,122,562,46.07,92,416,45.22,231,1098,47.53,140,648,46.29,96,467,48.65,900,neutral,0.29,positive,positive,1.36,negative,
2005,5,15,,,,12,57,47.5,,,,,,,,,,1100,neutral,0.19,positive,positive,1.15,negative,
2005,6,1,,,,0,0,,,,,,,,,,,1200,neutral,0.11,positive,positive,0.85,negative,
2005,6,15,,,,0,0,,15,84,56,0,0,,,,,1300,neutral,-0.02,positive,positive,0.11,negative,
2006,1,1,59,266,45.08,55,198,36,,,,,,,,,,,positive,-0.85,positive,positive,0.54,negative,
2006,2,1,263,958,36.43,258,959,37.17,442,1534,34.71,379,1440,37.99,,,,,positive,-0.77,positive,positive,0.38,negative,
2006,3,1,269,1130,42.01,266,1231,46.28,367,1572,42.83,341,1352,39.65,278,1290,46.4,,positive,-0.57,positive,negative,-0.74,negative,
2006,4,1,357,1576,44.15,320,1516,47.38,532,2104,39.55,462,1998,43.25,399,1701,42.63,500,neutral,-0.37,positive,negative,-0.54,negative,
2006,5,1,320,1590,49.69,293,1486,50.72,447,2247,50.27,396,2044,51.62,328,1671,50.95,600,neutral,-0.14,positive,negative,-0.37,negative,
2006,5,15,,,,244,1244,50.98,398,1995,50.13,334,1792,53.65,,,,700,neutral,-0.1,positive,positive,0.02,negative,
2006,6,1,,,,132,762,57.73,250,1362,54.48,212,1246,58.77,,,,900,neutral,-0.03,positive,positive,0.21,negative,
2006,6,15,,,,65,383,58.92,173,100.3,5.8,137,404,29.49,,,,,neutral,0.1,positive,positive,0.39,negative,
2007,1,1,205,750,36.59,198,718,36.26,367,1360,37.06,307,1196,38.96,,,,,positive,0.66,neutral,negative,-0.69,negative,
2007,2,1,311,1322,42.51,291,1204,41.37,443,1855,41.87,396,1580,39.9,,,,,neutral,0.22,neutral,negative,-0.71,negative,
2007,3,1,424,1472,34.72,374,956,25.56,557,1848,33.18,491,1412,28.76,459,1930,42.05,,neutral,-0.12,neutral,negative,-1.1,negative,
2007,4,1,389,1676,43.08,333,1608,48.29,493,2245,45.54,458,1886,41.18,394,1810,45.94,500,neutral,-0.32,neutral,negative,-0.46,negative,
2007,5,1,365,1906,52.22,313,1655,52.88,485,2461,50.74,433,2270,52.42,358,1910,53.35,700,neutral,-0.38,neutral,negative,-0.29,negative,
2007,5,15,,,,270,1499,55.52,461,2587,56.12,378,2118,56.03,,,,800,neutral,-0.41,neutral,negative,-0.14,negative,
2007,6,1,,,,218,1169,53.62,411,2247,54.67,322,1792,55.65,,,,900,neutral,-0.47,neutral,negative,-0.07,negative,
2007,6,15,,,,139,828,59.57,312,1874,60.06,237,1360,57.38,,,,1000,negative,-0.56,neutral,positive,0.43,negative,
2008,1,1,252,740,29.37,228,687,30.13,308,950,30.84,273,780,28.57,,,,,negative,-1.64,negative,negative,-1.5,negative,
2008,2,1,342,1160,33.92,327,1227,37.52,409,1500,36.67,,,,,,,,negative,-1.52,negative,negative,-1.46,negative,
2008,3,1,367,1542,42.02,337,1412,41.9,429,1780,41.49,421,1732,41.14,392,1613,41.15,,negative,-1.29,negative,negative,-1.26,negative,
2008,4,1,417,1730,41.49,392,1565,39.92,504,1912,37.94,487,1898,38.97,470,2020,42.98,500,negative,-1.01,negative,negative,-1.79,negative,
2008,5,1,411,1938,47.15,365,1785,48.9,448,2183,48.73,453,2188,48.3,390,2015,51.67,500,negative,-0.84,negative,negative,-1.62,negative,
2008,5,15,,,,326,1655,50.77,420,2004,47.71,395,2036,51.54,,,,600,negative,-0.71,negative,negative,-1.71,negative,
2008,6,1,,,,211,1191,56.45,,1670,,,,,,,,800,negative,-0.61,negative,negative,-1.85,negative,
2008,6,15,,,,174,984,56.55,252,1331,52.82,249,1398,56.14,,,,,neutral,-0.41,negative,negative,-1.96,negative,
2009,1,1,168,485,28.87,164,480,29.27,,,,,,,,,,,negative,-0.85,negative,negative,-1.81,negative,
2009,2,1,225,726,32.27,184,717,38.97,193,675,34.97,175,632,36.11,,,,,negative,-0.79,negative,negative,-1.78,negative,
2009,3,1,246,968,39.35,223,843,37.8,264,869,32.92,245,812,33.14,224,791,35.31,,negative,-0.61,negative,negative,-2.06,negative,
2009,4,1,374,1412,37.75,346,1295,37.43,366,1279,34.95,,,,315,1266,40.19,600,neutral,-0.33,negative,negative,-2.23,negative,
2009,5,1,276,1310,47.46,267,1225,45.88,322,1526,47.39,299,1328,44.41,258,1204,46.67,700,neutral,0.01,negative,negative,-1.32,negative,
2009,5,15,,,,220,1225,55.68,,,,,,,,,,800,neutral,0.13,negative,negative,-1.15,negative,
2009,6,1,,,,124,631,50.89,196,1017,51.89,137,656,47.88,,,,1000,neutral,0.28,negative,negative,-0.73,negative,
2009,6,15,,,,30,172,57.33,,,,21,100,47.62,,,,1200,neutral,0.4,negative,negative,-0.71,negative,
2010,1,1,129,536,41.55,117,548,46.84,232,925,39.87,192,760,39.58,,,,,positive,1.5,positive,positive,0.05,negative,
2010,2,1,138,564,40.87,106,506,47.74,298,1160,38.93,208,892,42.88,,,,,positive,1.22,positive,positive,0.25,negative,
2010,3,1,147,590,40.14,125,538,43.04,325,1399,43.05,238,1030,43.28,148,736,49.73,,positive,0.84,positive,negative,-0.16,negative,
2010,4,1,213,908,42.63,175,758,43.31,335,1399,41.76,,,,195,975,50,500,neutral,0.35,positive,negative,-0.04,negative,
2010,5,1,234,1040,44.44,205,981,47.85,436,1913,43.88,363,1600,44.08,238,1160,48.74,600,neutral,-0.17,positive,negative,-0.18,negative,
2010,5,15,,,,155,786,50.71,350,1726,49.31,279,1360,48.75,,,,700,negative,-0.51,positive,negative,-0.45,negative,
2010,6,1,,,,101,503,49.8,338,1712,50.65,243,1213,49.92,,,,900,negative,-0.66,positive,negative,-0.79,negative,
2010,6,15,,,,59,310,52.54,281,1528,54.38,201,1044,51.94,,,,1100,negative,-0.95,positive,negative,-1.99,negative,
2011,1,1,180,688,38.22,160,515,32.19,254,889,35,248,867,34.96,,,,,negative,-1.42,negative,negative,-1.8,negative,
2011,2,1,206,870,42.23,182,754,41.43,303,1246,41.12,243,1034,42.55,,,,,negative,-1.19,negative,negative,-1.46,negative,
2011,3,1,284,1122,39.51,288,1168,40.56,459,1727,37.63,462,1714,37.1,330,1275,38.64,,negative,-0.93,negative,negative,-1.28,negative,
2011,4,1,394,1638,41.57,393,1559,39.67,649,2650,40.83,560,2280,40.71,508,1987,39.11,300,negative,-0.73,negative,negative,-1.02,negative,
2011,5,1,442,1992,45.07,389,1795,46.14,596,2980,50,528,2660,50.38,470,2252,47.91,500,negative,-0.55,negative,negative,-0.66,negative,
2011,5,15,,,,347,1785,51.44,550,2742,49.85,482,2560,53.11,,,,500,negative,-0.5,negative,negative,-0.91,negative,
2011,6,1,,,,307,1575,51.3,495,2592,52.36,437,2300,52.63,,,,600,neutral,-0.44,negative,negative,-1.08,negative,
2011,6,15,,,,236,1296,54.92,387,2161,55.84,342,1880,54.97,,,,800,neutral,-0.48,negative,negative,-2.3,negative,
2012,1,1,106,366,34.53,106,366,34.53,198,682,34.44,151,515,34.11,,,,,negative,-0.86,negative,negative,-1.85,negative,
2012,2,1,238,764,32.1,214,696,32.52,379,1341,35.38,344,1224,35.58,,,,,negative,-0.72,negative,negative,-1.35,negative,
2012,3,1,322,1152,35.78,278,937,33.71,426,1335,31.34,399,1430,35.84,331,1120,33.84,,negative,-0.59,negative,negative,-1.66,negative,
2012,4,1,388,1592,41.03,356,1525,42.84,561,2495,44.47,478,2230,46.65,414,1857,44.86,500,neutral,-0.47,negative,negative,-1.01,negative,
2012,5,1,334,1602,47.96,302,1361,45.07,474,2450,51.69,415,2160,52.05,336,1920,57.14,600,neutral,-0.26,negative,negative,-2.12,negative,
2012,5,15,,,,270,1358,50.3,446,2280,51.12,396,2010,50.76,,,,700,neutral,-0.12,negative,negative,-1.89,negative,
2012,6,1,,,,188,1035,55.05,348,1862,53.51,305,1650,54.1,,,,800,neutral,-0.01,negative,negative,-1.63,negative,
2012,6,15,,,,102,602,59.02,,,,,,,,,,900,neutral,0.2,negative,negative,-2.4,negative,
2013,1,1,253,804,31.78,252,787,31.23,294,822,27.96,261,816,31.26,,,,,neutral,-0.43,neutral,negative,-1.1,negative,
2013,2,1,283,1142,40.35,265,1071,40.42,318,1289,40.53,,,,,,,,neutral,-0.43,neutral,negative,-1.42,negative,
2013,3,1,357,1640,45.94,333,1440,43.24,413,1770,42.86,,,,349,1455,41.69,,neutral,-0.34,neutral,negative,-1.48,negative,
2013,4,1,337,1650,48.96,322,1540,47.83,417,1953,46.83,387,1856,47.96,342,1610,47.08,700,neutral,-0.3,neutral,negative,-0.72,negative,
2013,5,1,309,1650,53.4,271,1525,56.27,369,1995,54.07,328,1660,50.61,267,1480,55.43,800,neutral,-0.36,neutral,negative,-0.4,negative,
2013,5,15,,,,189,1175,62.17,,,,,,,,,,900,neutral,-0.41,neutral,negative,-0.87,negative,
2013,6,1,,,,146,895,61.3,219,1330,60.73,182,1050,57.69,,,,1000,neutral,-0.41,neutral,negative,-1.19,negative,
2013,6,15,,,,96,519,54.06,148,878,59.32,115,648,56.35,,,,1100,neutral,-0.4,neutral,negative,-1.34,negative,
2014,1,1,34,140,41.18,32,134,41.88,75,224,29.87,65,192,29.54,,,,900,neutral,-0.42,neutral,negative,-0.57,negative,
2014,2,1,62,248,40,62,276,44.52,120,472,39.33,101,424,41.98,,,,900,neutral,-0.46,neutral,negative,-0.42,negative,
2014,3,1,185,560,30.27,177,564,31.86,292,726,24.86,280,840,30,202,630,31.19,800,neutral,-0.27,neutral,positive,0.3,negative,
2014,4,1,199,826,41.51,175,720,41.14,347,1341,38.65,300,1200,40,178,820,46.07,800,neutral,0.04,neutral,positive,0.36,negative,
2014,5,1,181,804,44.42,157,714,45.48,325,1546,47.57,282,1288,45.67,143,700,48.95,800,neutral,0.21,neutral,positive,1.27,negative,
2014,5,15,,,,104,489,47.02,248,1201,48.43,192,1036,53.96,,,,1000,neutral,0.16,neutral,positive,0.75,negative,
2014,6,1,,,,42,211,50.24,158,819,51.84,140,708,50.57,,,,1100,neutral,0.16,neutral,negative,-0.28,negative,
2014,6,15,,,,0,0,,,,,,,,,,,1200,neutral,0.05,neutral,positive,0.25,negative,
2015,1,1,37,96,25.95,31,78,25.16,67,180,26.87,43,112,26.05,,,,1100,positive,0.55,positive,positive,1.5,negative,
2015,2,1,22,90,40.91,18,77,42.78,72,273,37.92,44,164,37.27,,,,1100,positive,0.47,positive,positive,1.52,negative,
2015,3,1,0,0,,0,0,,42,190,45.24,0,0,,0,0,,1200,positive,0.53,positive,positive,1.33,negative,
2015,4,1,0,0,,0,0,,27,90,33.33,0,0,,0,0,,1200,positive,0.7,positive,positive,0.89,negative,
2015,5,1,0,0,,0,0,,25,100,40,0,0,,0,0,,1200,positive,0.93,positive,positive,0.32,negative,
2015,5,15,,,,0,0,,0,0,,0,0,,,,,1300,positive,1.07,positive,positive,0.62,negative,
2015,6,1,,,,0,0,,0,0,,0,0,,,,,1400,positive,1.18,positive,positive,0.81,negative,
2015,6,15,,,,0,0,,0,0,,0,0,,,,,1500,positive,1.45,positive,positive,1.4,negative,
2016,1,1,213,596,27.98,196,586,29.9,269,832,30.93,216,652,30.19,,,,800,positive,2.48,positive,positive,0.74,negative,
2016,2,1,147,648,44.08,124,598,48.23,260,1000,38.46,213,794,37.28,,,,900,positive,2.14,positive,positive,1.29,negative,
2016,3,1,205,920,44.88,174,792,45.52,297,1104,37.17,245,932,38.04,,,,1000,positive,1.58,positive,positive,1.55,negative,
2016,4,1,238,1150,48.32,200,1008,50.4,312,1402,44.94,303,1300,42.9,224,1106,49.38,900,positive,0.94,positive,positive,1.73,negative,
2016,5,1,142,752,52.96,127,662,52.13,281,1453,51.71,226,1190,52.65,124,670,54.03,1000,neutral,0.39,positive,positive,1.6,negative,
2016,5,15,,,,49,284,57.96,201,1131,56.27,138,704,51.01,,,,1100,neutral,0.13,positive,positive,1.21,negative,
2016,6,1,,,,10,55,55,134,756,56.42,62,320,51.61,,,,1200,neutral,-0.07,positive,positive,0.85,negative,
2016,6,15,,,,0,0,,53,300,56.6,0,0,,,,,1300,neutral,-0.3,positive,positive,0.56,negative,
2017,1,1,224,732,32.68,239,754,31.55,251,808,32.19,232,732,31.55,,,,400,neutral,-0.34,neutral,negative,-0.05,negative,
2017,2,1,229,988,43.14,195,842,43.18,249,998,40.08,216,863,39.95,,,,500,neutral,-0.16,neutral,negative,-0.01,negative,
2017,3,1,252,1036,41.11,239,1029,43.05,289,1142,39.52,261,1104,42.3,221,952,43.08,400,neutral,0.05,neutral,positive,0.1,negative,
2017,4,1,401,1694,42.24,347,1496,43.11,512,1970,38.48,436,1788,41.01,371,1620,43.67,400,neutral,0.2,neutral,positive,0.56,negative,
2017,5,1,379,1730,45.65,346,1762,50.92,474,2423,51.12,392,1925,49.11,321,1648,51.34,800,neutral,0.3,neutral,positive,0.45,negative,
2017,5,15,,,,304,1700,55.92,430,2330,54.19,343,1870,54.52,,,,800,neutral,0.31,neutral,positive,0.4,negative,
2017,6,1,,,,239,1331,55.69,350,2010,57.43,280,1610,57.5,,,,1000,neutral,0.31,neutral,positive,0.35,negative,
2017,6,15,,,,178,1032,57.98,271,1572,58.01,205,1197,58.39,,,,1100,neutral,0.1,neutral,negative,-0.43,negative,
2018,1,1,145,566,39.03,155,520,33.55,234,829,35.43,203,764,37.64,,,,300,negative,-0.92,negative,positive,0.4,negative,
2018,2,1,305,1224,40.13,259,1033,39.88,384,1495,38.93,307,1215,39.58,,,,600,negative,-0.85,negative,negative,-0.07,negative,
2018,3,1,373,1425,38.2,322,1250,38.82,430,1805,41.98,383,1565,40.86,340,1485,43.68,200,negative,-0.7,negative,negative,-0.71,negative,
2018,4,1,400,1750,43.75,346,1470,42.49,485,2134,44,395,1738,44,371,1720,46.36,400,negative,-0.5,negative,negative,-0.81,negative,
2018,5,1,341,1730,50.73,290,1514,52.21,416,2240,53.85,335,1675,50,273,1524,55.82,800,neutral,-0.22,negative,negative,-0.45,negative,
2018,5,15,,,,210,1221,58.14,315,1780,56.51,266,1520,57.14,,,,900,neutral,-0.11,negative,negative,-0.5,negative,
2018,6,1,,,,130,744,57.23,219,1254,57.26,178,1017,57.13,,,,1000,neutral,-0.01,negative,negative,-0.65,negative,
2018,6,15,,,,48,285,59.38,153,890,58.17,111,635,57.21,,,,1200,neutral,0.05,negative,negative,-0.01,negative,
2019,1,1,153,475,31.05,144,414,28.75,225,660,29.33,193,595,30.83,,,,500,positive,0.75,positive,negative,-0.34,negative,
2019,2,1,173,668,38.61,154,578,37.53,286,1054,36.85,228,934,40.96,,,,800,positive,0.72,positive,negative,-0.72,negative,
2019,3,1,248,840,33.87,209,672,32.15,338,1364,40.36,281,1056,37.58,231,910,39.39,200,positive,0.71,positive,negative,-0.34,negative,20
2019,4,1,217,960,44.24,182,890,48.9,299,1420,47.49,247,1180,47.77,175,808,46.17,1000,positive,0.66,positive,positive,0.1,negative,
2019,5,1,183,858,46.89,153,702,45.88,266,1350,50.75,208,936,45,105,632,60.19,1000,positive,0.54,positive,positive,0.27,negative,
2019,5,15,,,,97,471,48.56,204,1030,50.49,146,732,50.14,,,,1100,positive,0.5,positive,positive,0.11,negative,
2019,6,1,,,,26,143,55,85,452,53.18,46,300,65.22,,,,1200,neutral,0.45,positive,negative,-0.05,negative,
2019,6,15,,,,0,0,,30,175,58.33,0,0,,,,,1300,neutral,0.25,positive,positive,0.55,negative,
2020,1,1,102,314,30.78,80,208,26,142,440,30.99,110,340,30.91,,,,900,neutral,0.5,neutral,negative,-1.41,negative,
2020,2,1,218,928,42.57,192,803,41.82,272,1087,39.96,223,892,40,,,,400,neutral,0.48,neutral,negative,-1.48,negative,46
2020,3,1,280,1078,38.5,251,980,39.04,355,1320,37.18,324,1192,36.79,253,962,38.02,700,neutral,0.4,neutral,negative,-1.75,negative,33
2020,4,1,318,1295,40.72,305,1240,40.66,440,1830,41.59,375,1560,41.6,292,1200,41.1,800,neutral,0.19,neutral,negative,-1.32,negative,25
2020,5,1,254,1240,48.82,242,1185,48.97,332,1630,49.1,270,1325,49.07,195,965,49.49,900,neutral,-0.08,neutral,negative,-0.52,negative,
2020,5,15,,,,163,850,52.15,268,1430,53.36,208,1100,52.88,,,,1000,neutral,-0.25,neutral,negative,-0.61,negative,
2020,6,1,,,,95,535,56.32,190,1030,54.21,122,665,54.51,,,,1100,neutral,-0.3,neutral,negative,-0.76,negative,
2020,6,15,,,,37,218,58.92,128,715,55.86,72,385,53.47,,,,1200,neutral,-0.4,neutral,negative,-0.91,negative,
2021,1,1,201,685,34.08,183,650,35.52,246,790,32.11,218,755,34.63,,,,700,negative,-1.05,negative,negative,-0.61,negative,35
2021,2,1,292,1140,39.04,270,1030,38.15,390,1420,36.41,357,1315,36.83,,,,700,negative,-0.93,negative,negative,-1.1,negative,58
2021,3,1,329,1230,37.39,322,1220,37.89,412,1576,38.25,390,1550,39.74,329,1392,42.31,600,negative,-0.84,negative,negative,-1.68,negative,44
2021,4,1,373,1585,42.49,366,1575,43.03,493,2020,40.97,443,1790,40.41,358,1525,42.6,700,negative,-0.66,negative,negative,-1.85,negative,30
2021,5,1,320,1500,46.88,282,1290,45.74,412,2015,48.91,378,1870,49.47,292,1415,48.46,800,neutral,-0.48,negative,negative,-2.01,negative,24
2021,5,15,,,,254,1265,49.8,361,1806,50.03,313,1565,50,,,,900,neutral,-0.38,negative,negative,-1.95,negative,21
2021,6,1,,,,196,955,48.72,269,1380,51.3,241,1232,51.12,,,,1000,neutral,-0.4,negative,negative,-1.81,negative,17
2021,6,15,,,,95,515,54.21,176,952,54.09,149,810,54.36,,,,1100,neutral,-0.4,negative,negative,-1.94,negative,16
2022,1,1,218,730,33.49,206,700,33.98,268,930,34.7,242,820,33.88,,,,200,negative,-0.97,negative,negative,-2.4,negative,63
2022,2,1,208,850,40.87,179,784,43.8,302,1245,41.23,277,1215,43.86,214,1030,48.13,400,negative,-0.94,negative,negative,-1.91,negative,51
2022,3,1,235,1050,44.68,208,965,46.39,372,1453,39.06,328,1190,36.28,238,1090,45.8,600,negative,-1,negative,negative,-1.67,negative,40
2022,4,1,293,1380,47.1,268,1225,45.71,368,1600,43.48,338,1645,48.67,259,1185,45.75,700,negative,-1.07,negative,negative,-2.09,negative,32
2022,5,1,338,1590,47.04,276,1320,47.83,440,2120,48.18,394,1945,49.37,306,1530,50,800,negative,-1,negative,negative,-2.24,negative,30
2022,5,15,,,,276,1415,51.27,462,2245,48.59,385,1990,51.69,,,,900,negative,-0.91,negative,negative,-1.89,negative,27
2022,6,1,,,,215,1195,55.58,381,1970,51.71,320,1695,52.97,,,,900,negative,-0.86,negative,negative,-1.34,negative,25
2022,6,15,,,,126,708,56.19,286,1570,54.9,226,1248,55.22,,,,1000,negative,-0.82,negative,negative,-2.45,negative,22
2023,1,1,102,344,33.73,100,342,34.2,182,572,31.43,128,435,33.98,,,,600,negative,-0.7,negative,negative,-1.26,negative,48
2023,2,1,172,634,36.86,153,565,36.93,225,756,33.6,172,610,35.47,125,554,44.32,800,neutral,-0.4,neutral,negative,-1.67,negative,38
2023,3,1,294,946,32.2,279,920,33,372,1183,31.8,296,975,32.9,282,1024,36.3,200,neutral,-0.1,neutral,negative,-2.45,negative,50
2023,4,1,275,1105,40.2,259,1036,40,341,1425,41.8,273,1141,41.8,255,1096,43.2,600,neutral,0.1,neutral,negative,-3.05,negative,30
2023,5,1,320,1415,44.2,273,1265,46.3,366,1716,46.9,314,1457,46.4,284,1280,45.1,800,,,,,-2.36,negative,29
2023,5,15,,,,180,960,53.3,265,1380,52.1,216,1145,53,,,,1000,,,,,,,18
2023,6,1,,,,100,516,51.6,145,768,53,106,570,53.8,,,,1100,,,,,,,14
2023,6,15,,,,25,138,55.2,68,372,54.9,16,88,55,,,,1200,,,,,,,7
2024,1,1,24.6,120,48.8,19.7,92,46.7,66.5,250,37.7,39,165,43.1,,,,1100,,,,,,,
